ERR1081237,13c4344f1af595ac0bfe60a2ac083dc9;c5bc91713758f3e9ae856b190e8a878d
ERR1081238,45bb832ab63f48da37aef20296b50e29;a8e82d4d640d601a855eca3c106b43d6
ERR1081239,f91c27e7800055b4bafa9750a4dc8871;0d68239fbebc5893db416f12e0ac0812
ERR1081240,d02696348bb213071253a268dce414a5;ca61c9f925e464a533048a72591a7184
ERR1081241,1ebf0ce82d694672951a1e00f77c62f1;8946a76f9d904161d92c7ba75cbdbbb9
ERR1081242,30b317ddd6f4bbb388a280f0d7433e7f;95528962b618807cc7a89d3ce03306dd
ERR1081243,d11078161ff5aa46b81bf9b7fff61deb;980b2240510fd074ac27cb9f80324fad
ERR1081244,6e9841d160e4d2ebc8163199d0ea57b3;8065e2839ba69c2eaaf4325acd354cd3
ERR1081245,0fb25a9047dd58aba63886a2ef72812c;fc3d79278694536b9dfcb54f1a30c187
ERR1081246,8b2fa5ed3d6b453f9d989f4d4c10d8e7;1809477a6250456b1e62e6b2fa3c551d
ERR1081247,629602725a9f0920758a1c8932f4de65;f484d4160f6f11bc0a30dd0e2b49d7ce
ERR1081248,be704209527eb24f1ce31ba7cc8a94c2;ab650f1da86a9546cd7441b3e7289f45
ERR1099210,f66bcad8b49c2232bac786b545274dd8;cb148a62b000a6aa49d74460824017c2
ERR1099211,7172d01aed6f246c8a25ff9120edbccd;458592d01286dbf49b60f34ab4e2d2b4
ERR1099212,ab73efc43061b7d0fa6c46e646d8e280;4185281f60a6bf3a1317587926eda173
ERR1099213,a8cfbbb5c89fc29147840ab3052871ee;af47449d705ee1379c3a2d809ef5b1f1
ERR1081249,8c135ac8c6d0ec866b88d92c54964b63;ecfd524e16e37b9e8da738712dbc09b0
ERR1081250,19af2483aed6cd0d3400d7e84f9523e1;43017f08110c45e10f7b590941fab64c
ERR1081251,a65be3dbfc9bf27c65f601b4bdd055ad;0c82cbb09ea138027dfcd0f70a44f8bb
ERR1081252,4d0583efe34560f7adbb52facc6478d1;71a5326b1a46866d278a7d78723a979b
ERR1081253,0ae1d6d0a7f958aea7d6a40f1da17eca;423cbf377ba204055f9a72021a79e0c4
ERR1081254,0a4e4257f996f2504fe1fe8834a54532;41ed265cdd773e911ad8d5911e1babc7
ERR1099214,7e98e94254c90b6737a4d72193acdaf0;765a83c71b0a480189596b2efaed55dd
ERR1081255,68bfd93d6d5c9d62d02e4e5585c60d39;546bdee5445359686b4e4eb67c9e1189
ERR1081256,4e20a3701c138fc4df09bbf4142fc63d;2c639a98eb82e320cca9d773bb2a534f
ERR1081257,2de85c81c6017b48bade13d02a972cd3;78b798fe298274be3fff424bdc5774cf
ERR1099215,348a71b312677ff6abb35cfa983300f7;e8b96f4bc8749ca12c9dc85e041606ec
ERR1081258,a4ff15c818ea10a8d8cdf700fd60ac7b;cd5cccf07a62e69fe67fd22b0019ed95
ERR1081259,c501ae2e703c770a7fb431093327566d;ea30cbc78ee670b2cf184755250e9bde
ERR1081260,c41964a26e93aa38f04605f9d43fa1b5;8db847d190f8b0c5fcde7c6b4db62277
ERR1081261,fe17cfe520121a8b3b0fb892938104a1;2cc68e8f270ce60f9992627b743d33cd
ERR1081262,1e307ebf38e5c63ea5fee2c0f7abdd65;dd110e6b6985b5a54414535204c8f842
ERR1081263,f120f3b754d8ad046958952771f74c07;c26e09cea73260899586dbca3b186529
ERR1081264,4e62f2153c3cce7d89a38fe11d54275e;a372a6dc57bcfd05890ea84fd5f65960
ERR1081265,a0ee871052d7b7a693d36a6e8fcfd133;249e25c97b6be924217d3d8e3ad1a120
ERR1081266,01d458d256092851d6ef71f32a1a2654;78e524a8d946a1312423e35e3f3bcfc0
ERR1081267,f8cf721c83ad192cc623fcdd2a7cda91;65d5e9fd3dde0ee560a2f28bc831202a
ERR1081268,d17d0e8c160ab73f8c57b272c18f859a;5fa3f813eae34d918695b1dd50f99b63
ERR1081269,e9318bc021016e84d90bef99a687fab7;a85f911acc456aa786b99e86027ec628
ERR1081270,843f05791677103d14c64fe6364ed428;294a912f084a79d723669e8ee6e46611
ERR1081271,abd9342ac4d8568f30af5a09f37a804e;c828bae1f660ba94ac7fdca3462ba3e4
ERR1081273,0b3698bc5d9b21197d5cd846d4922921;3c251f0a242aab2daaa067638460fbb7
ERR1081274,c2c01202f139a0dd7caffb3124e2f98d;8447ecbca1d2ba94c464bdb64b8e7b09
ERR1081275,a5056dc979c8d74a0265c687675282ab;0f6796f24c8dacf9ad7d7447c0d03350
ERR1081276,f245f047fcec7957b9aed795bc59fe64;011c484b84cef38fa2f26ae1edf651c4
ERR1081277,50dad10c907f8cfa8adb119d651eb273;b47b93bdbc4dfa039e36791d2a1e176c
ERR1081279,15aeb8bdf042f7a489bd2caf1898186c;ff66556e751bbabff3c8fc0b9cb56a2b
ERR1081280,f84d961162fa0f1322c80b8f5319e0e4;4e4d45d8651f1f7f4961c6d958d6c7a8
ERR1081281,4d02ff8da19959d4b4648848c347c9db;74dbf97ff61d1fc78afc0ae483267b74
ERR1081282,3101492211f5f006cde353bccaffefec;2fe7b675f54d2e43e8cb22159183b065
ERR1081283,56dc37a1e25e062a4f03b513d69868c4;8704bc7a3f7bcebc1cfba7dae738efe2
ERR1081284,2549ea0b5ea4486392c4a11f21c8da25;4461354c7e87ae6f8778d875c9ff17b8
ERR1081285,14a5bb4dbde6f9deac938043dece51b0;a2edf26ae06b607b44c64e57ac6bd1d0
ERR1081286,1a117933f00856c5c804d79867086af4;143724949e6a1d67d26e851b12ec51ae
ERR1081287,57168d9bda35ac1afc64f3996fb9f8e4;3e39cb71bc1f9dbc0cae706ceb584172
ERR1106549,3280ba066cf56b7b797efa2b1147281d;e5d9d0a1af9bbd83e8e8a922151fbbe9
ERR1106550,298484f4a730516670068a0d33e9904d;6d4a61ffce79f3bb6a41f36f72ed1284
ERR1106551,c7467eaf8d24fc37e24b0fb8ed5302a6;e4fc62e5fa372b6fae2f29e19fa175e4
ERR1106552,874553fbbb1bd4b990dd181f6fc9a1d0;7ff4deb49ea6e2206ecf7955109ddfcd
ERR1106553,0aeecc0aeb1df1727b66afc6f294bfb0;027d356f19feefc00c324c0a864791a0
ERR1106554,292ad86a7b9b8975bac3f1306ad7557f;4980b5ceb763a5921cc27339edf66c83
ERR1099217,8acf4d7dea90a7f3f20640539ce772e6;af12a005149ea32bc520a44b14717df9
ERR1106556,1b9c31a806c6b500824432e7f058d20a;2b42b4ef30f3605e6a030ea7dabf28ec
ERR1106557,ea7b0d1f130effbf2d9ad768626b4c6c;90133bce5d3cb85fe3642f3dc5a26e5b
ERR1106561,fac235be2ab419eab2c47e71c92a5e29;b63ac11e85c78ee4f62a6d896245ddf6
ERR1106562,6727edd6c40713374aaeba714431d837;0326d76dbdfc7a20c83a4343dfbe6807
ERR1106563,590f11e26b804b7df2d87cdb7fa315a5;7e57a566d8de3de228f0d0e4a33f525b
ERR1106564,ee6f42ddff6abe8988e5742fd8af5f55;29c31e0ed6b9983064535f3acd995634
ERR1106565,0572fb58f6e0e6cb7e40081c938c303c;f4cb725e0be4eac7526cb8bbbffe2cdb
ERR1106566,8ffc30da8d54c56236b3c2d4c5c29e25;d628515581fd75f090f87b3ff7319d66
ERR1106567,45da471cf62d4a44ed8dfbc645ad88c1;1cd42441ba10b2df2ab9f933af2bbb0e
ERR1106568,204a081171b08364703eca8477b30778;8d2b3ccbfc4e740b3299ff080559326b
ERR1106569,273144c4656a941e7bfd4342e4d1181d;de41f1a5e1b2de49ca817fba34b08057
ERR1106571,5c022c25785b0b6d6d13568d023e5170;3f32286a2193532fa96c0c710ad550c3
ERR1106572,f6cca30a8c7cbb3b2f8ff6bcae6e9742;c66e58e28e42a4fcb2bb991a55180d96
ERR1106573,9898ce39fcfc16bdf60ee6e8aa25707f;2f07b7d95bd71d27d32709cc65cf8ce7
ERR018933,3403b39df07e0fa9511c70cfa4805380;ea9745ed0f7c8a88872623d5c4b98505
ERR018936,875ca342012c0ed6a56abe49ff241551;cc888705d524028038cbe6ca50931906
ERR021977,e48d69c27c9eb54fe2055d791a517ac4;a7b3e78e9d688555ffd8057e3aede48a
ERR211480,c3757bbf341eec38cf893fb208917c2d;b44bbd4de4bfc30fcf0091225cd7d3f7
ERR216473,c6b10ad025af46d3b1adf9366fe9b666;d7f34c26133e9a4c33b7705e0a94eaca
ERR015429,548bce49ee14e3168bdc5fb38185712b;145d205e89891080f903e2595c7d1b41
ERR015338,c63bec03f16775cec3368b237aa2cc99;1e77525682a851bc9cbb7cbf728c0efd
ERR020112,fdea685ecc558e32f2954cdd59b24eeb;ed99594835396487db0341cdd0dffe9d
ERR015341,e5697c3d4dab255158987b59c0a0b62c;770659d395cae8072fa2d8bee7ec1d8c
ERR015390,2c0ac9dcce7c0753392e14ac6fa91131;be4d1fb72e4aa33ca9c02fb56f56a7f6
ERR015365,48e4ab74b4884329ae4feb3cf5866078;7b2fbc9b88a39662d92fc0621a3a6ac9
ERR018937,45681287c54ee775f6ed307f885e3eef;bf3d8eba224f0e75b9c1df563a928155
ERR023472,581576820f319bab53cd67fb0f5ee738;3522c108aa938c737fdf0e45ad698fc2
ERR015403,e93b0a845ecc84b4b2eda8384b3fe164;c2a58c8f038ad820d2ae31774bb3be07
ERR199979,50ad813b8af6b8b34fc9d2906d97e93a;cb0e36c6b1cb61a4a767a9b854aa5b31
ERR015381,af9f76dcc13b46408a05fb7e4da07e70;54a19ec866af558dd3c9bc4d6b687e8a
ERR018941,1efb88b4d930f3b01ef6b8c6fd79d4f2;efa6abd4f57c5e64117a94cc3dfaadf8
ERR020113,f8e741ddfdb25788e1e6126dd7672a59;6742b737c8f4628792a409a883d5d0e3
ERR021975,bc8d779338cc1277e3003a03759d4a48;36bc06bbf026ac0cb6688a481b51223c
ERR018904,af3be73fc1fc423f1b4d1ba7a8a3a822;4a305c8c21c6169d17cfd42a52640455
ERR015398,9ad88a275e60ee36fea757902f99abaf;3e1ff27622bd8a006bb2a8a3f471d556
ERR015439,4ee11fae2d1aa0d15389c5f47a870df9;2972a46adff3e03b6219a9cab01f3007
ERR018944,3e11722edbfbb1e020628ad65eb8d8e8;aeaadc96bc83905f8ff316ed0eed0e60
